b,team,time,temp,pressure,x,y,z,rx,ry,rz,rssi,timereceived,a
,CVC-CANSAT-START,325.351,20.7092,970.808,-0.0117395,0.000815405,0.000166234,-0.0003723,8.36228e-05,4.65065e-06, -77, 303.943,CVC-CANSAT-END 
,CVC-CANSAT-START,326.146,20.6918,970.851,-0.0117395,0.000782445,0.000127541,-0.000373046,8.28418e-05,3.55011e-06, -77, 304.738,CVC-CANSAT-END 
,CVC-CANSAT-START,326.941,20.6693,970.807,-0.0117395,0.000825437,0.00020206,-0.000372815,8.30193e-05,4.40214e-06, -77, 305.532,CVC-CANSAT-END 
,CVC-CANSAT-START,327.736,20.642,970.864,-0.0117395,0.000791044,0.000186296,-0.00037214,8.41199e-05,4.18913e-06, -77, 306.326,CVC-CANSAT-END 
,CVC-CANSAT-START,328.529,20.6271,970.878,-0.0117395,0.000793909,0.00021639,-0.000371306,8.27176e-05,4.20688e-06, -78, 307.121,CVC-CANSAT-END 
,CVC-CANSAT-START,329.324,20.6072,970.848,-0.0117395,0.000802508,0.0001691,-0.000371714,8.34986e-05,4.04713e-06, -77, 307.916,CVC-CANSAT-END 
,CVC-CANSAT-START,330.12,20.5924,970.885,-0.0117395,0.000806807,0.000140439,-0.000371519,8.28951e-05,4.54414e-06, -77, 308.713,CVC-CANSAT-END 
,CVC-CANSAT-START,330.915,20.575,970.872,-0.0117395,0.000803941,0.000190596,-0.000371998,8.32146e-05,4.04713e-06, -77, 309.505,CVC-CANSAT-END 
,CVC-CANSAT-START,331.709,20.5576,970.861,-0.0117395,0.000815405,0.000203493,-0.000372779,8.30371e-05,3.86962e-06, -78, 310.301,CVC-CANSAT-END 
,CVC-CANSAT-START,332.504,20.5551,970.869,-0.0117395,0.00080824,0.00013614,-0.000373543,8.36938e-05,3.88737e-06, -79, 311.094,CVC-CANSAT-END 
,CVC-CANSAT-START,333.297,20.5352,970.897,-0.0117395,0.000845499,0.000110345,-0.000373117,8.32679e-05,4.06488e-06, -80, 311.889,CVC-CANSAT-END 
,CVC-CANSAT-START,334.092,20.5152,970.852,-0.0117395,0.000802508,0.000222123,-0.000374022,8.31968e-05,3.90512e-06, -80, 312.684,CVC-CANSAT-END 
,CVC-CANSAT-START,334.888,20.4978,970.898,-0.0117395,0.000835468,0.000131841,-0.000372442,8.30548e-05,4.24238e-06, -80, 313.479,CVC-CANSAT-END 
,CVC-CANSAT-START,335.683,20.483,970.87,-0.0117395,0.000786744,0.000226422,-0.000373703,8.25756e-05,4.13588e-06, -80, 314.274,CVC-CANSAT-END 
,CVC-CANSAT-START,336.477,20.4605,970.878,-0.0117395,0.000845499,0.000113211,-0.000374164,8.29483e-05,4.29563e-06, -79, 315.069,CVC-CANSAT-END 
,CVC-CANSAT-START,337.273,20.4408,970.868,-0.0117395,0.000783878,0.000141872,-0.00037104,8.34808e-05,4.56189e-06, -81, 315.868,CVC-CANSAT-END 
,CVC-CANSAT-START,338.072,20.4059,970.836,-0.0117395,0.000798209,0.000189163,-0.000373259,8.31613e-05,4.20688e-06, -80, 316.664,CVC-CANSAT-END 
,CVC-CANSAT-START,338.867,20.3961,970.878,-0.0117395,0.000806807,0.000187729,-0.000373383,8.29483e-05,4.40214e-06, -80, 317.458,CVC-CANSAT-END 
,CVC-CANSAT-START,339.662,20.3711,970.832,-0.0117395,0.000778146,9.45813e-05,-0.000373898,8.30903e-05,3.88737e-06, -79, 318.253,CVC-CANSAT-END 
,CVC-CANSAT-START,340.457,20.3588,970.815,-0.0117395,0.000779579,0.000163368,-0.000370862,8.89835e-05,2.30757e-06, -77, 319.048,CVC-CANSAT-END 
,CVC-CANSAT-START,341.252,20.3215,970.806,-0.0117395,0.00273999,0.00030094,-0.000397737,8.17058e-05,4.53882e-05, -78, 319.843,CVC-CANSAT-END 
,CVC-CANSAT-START,342.047,20.3066,970.857,-0.0117395,0.000224989,0.000487237,-0.000452479,-3.43828e-05,-3.1596e-05, -75, 320.642,CVC-CANSAT-END 
,CVC-CANSAT-START,342.845,20.2717,970.846,-0.0117395,-0.00401111,0.000260815,-0.000372247,8.24868e-05,1.44134e-05, -72, 321.437,CVC-CANSAT-END 
,CVC-CANSAT-START,343.64,20.2494,970.802,-0.0117395,-0.00386207,0.000210658,-0.000380181,8.41376e-05,2.00936e-05, -70, 322.232,CVC-CANSAT-END 
,CVC-CANSAT-START,344.435,20.2443,970.83,-0.0117395,-0.00399391,0.000302373,-0.000373064,7.71794e-05,4.9879e-06, -69, 323.027,CVC-CANSAT-END 
,CVC-CANSAT-START,345.23,20.2195,970.865,-0.0117395,-0.00393659,0.000224989,-0.000372655,7.81912e-05,5.04116e-06, -69, 323.822,CVC-CANSAT-END 
,CVC-CANSAT-START,346.025,20.1973,970.835,-0.0117395,-0.00398818,0.000223556,-0.000373578,8.49541e-05,6.5677e-06, -68, 324.617,CVC-CANSAT-END 
,CVC-CANSAT-START,346.821,20.1896,970.861,-0.0117395,-0.0037116,0.000230721,-0.00036323,9.31017e-05,-3.74714e-05, -67, 325.412,CVC-CANSAT-END 
,CVC-CANSAT-START,347.616,20.1699,970.899,-0.0117395,-0.00467747,-0.000378325,-0.000438936,0.000260081,7.899e-05, -66, 326.206,CVC-CANSAT-END 
,CVC-CANSAT-START,348.409,20.1723,970.892,-0.0117395,-0.00513318,-0.000689297,-0.00053344,5.6855e-05,-0.00058165, -69, 327.0,CVC-CANSAT-END 
,CVC-CANSAT-START,349.204,20.1723,970.888,-0.00870291,-0.00527075,-0.000720824,-0.000377075,0.000103432,-2.52413e-05, -69, 327.799,CVC-CANSAT-END 
,CVC-CANSAT-START,350.003,20.1723,970.869,-0.00980779,-0.00429485,-0.000755217,-0.000377324,8.52737e-05,-2.75134e-05, -70, 328.599,CVC-CANSAT-END 
,CVC-CANSAT-START,350.803,20.1625,970.846,-0.00883762,-0.00477492,-0.000695029,-0.000372477,8.37116e-05,3.39036e-06, -64, 329.4,CVC-CANSAT-END 
,CVC-CANSAT-START,351.603,20.1723,970.817,-0.00888921,-0.00465884,-0.000729422,-0.000371146,8.28241e-05,-1.42004e-07, -64, 330.2,CVC-CANSAT-END 
,CVC-CANSAT-START,352.404,20.1625,970.833,-0.00885338,-0.00446395,-0.000743753,-0.000373667,8.112e-05,-3.42586e-06, -58, 330.994,CVC-CANSAT-END 
,CVC-CANSAT-START,353.197,20.1625,970.832,-0.00874447,-0.00426476,-0.000813972,-0.000376951,8.92675e-05,-5.92868e-06, -67, 331.793,CVC-CANSAT-END 
,CVC-CANSAT-START,353.997,20.1625,970.79,-0.00903538,-0.00409279,-0.000884192,-0.000356555,8.2256e-05,3.01049e-05, -60, 332.593,CVC-CANSAT-END 
,CVC-CANSAT-START,354.792,20.1449,970.8,-0.00898952,-0.00456283,-0.000813972,-0.000365697,9.5143e-05,0.000106361, -68, 333.383,CVC-CANSAT-END 
,CVC-CANSAT-START,355.586,20.1152,970.75,-0.00887774,-0.00356543,-0.000715092,-0.000374341,0.000109858,3.89092e-05, -68, 334.178,CVC-CANSAT-END 
,CVC-CANSAT-START,356.382,20.1002,970.743,-0.00903681,-0.00434644,-0.000719391,-0.000372194,8.87882e-05,6.3476e-05, -68, 334.974,CVC-CANSAT-END 
,CVC-CANSAT-START,357.177,20.0879,970.77,-0.00954841,-0.00431634,-0.000659203,-0.000374909,8.24158e-05,-2.48508e-07, -70, 335.772,CVC-CANSAT-END 
,CVC-CANSAT-START,358.777,20.0631,970.733,-0.0089064,-0.00366717,-0.000865562,-0.00038098,8.11733e-05,-6.81621e-06, -64, 337.368,CVC-CANSAT-END 
,CVC-CANSAT-START,359.571,20.0728,970.767,-0.00896659,-0.00416731,-0.000748052,-0.000365928,7.16235e-05,9.74505e-06, -69, 338.167,CVC-CANSAT-END 
,CVC-CANSAT-START,360.372,20.0631,970.771,-0.00937501,-0.00430201,-0.000762383,-0.000377483,7.68599e-05,7.29548e-06, -67, 338.968,CVC-CANSAT-END 
,CVC-CANSAT-START,361.171,20.0506,970.73,-0.00971321,-0.00376605,-0.000739454,-0.000373969,8.07827e-05,4.1128e-05, -64, 339.763,CVC-CANSAT-END 
,CVC-CANSAT-START,361.966,20.0506,970.747,-0.0103796,-0.00339919,-0.000630542,-0.000368182,7.01857e-05,6.01744e-06, -72, 340.562,CVC-CANSAT-END 
,CVC-CANSAT-START,362.765,20.0506,970.75,-0.0102664,-0.00315128,-0.000755217,-0.000374022,7.3576e-05,9.11136e-05, -68, 341.357,CVC-CANSAT-END 
,CVC-CANSAT-START,363.56,20.0555,970.736,-0.00956131,-0.00358692,-0.00082257,-0.000372584,9.40069e-05,4.1057e-05, -70, 342.152,CVC-CANSAT-END 
,CVC-CANSAT-START,364.355,20.0455,970.745,-0.00965159,-0.00396525,-0.000726556,-0.000373489,7.36116e-05,4.9524e-05, -70, 342.947,CVC-CANSAT-END 
,CVC-CANSAT-START,365.151,20.0258,970.752,-0.00935781,-0.00394089,-0.00078961,-0.000367916,8.72085e-05,7.45346e-05, -69, 343.742,CVC-CANSAT-END 
,CVC-CANSAT-START,365.946,20.0059,970.756,-0.00920448,-0.00399677,-0.000720824,-0.00037072,8.8025e-05,6.40795e-05, -71, 344.537,CVC-CANSAT-END 
,CVC-CANSAT-START,366.741,19.9934,970.786,-0.00942804,-0.0040498,-0.000812539,-0.000368856,7.68421e-05,-3.1241e-06, -71, 345.335,CVC-CANSAT-END 
,CVC-CANSAT-START,367.539,19.976,970.797,-0.00944953,-0.00351814,-0.000812539,-0.000370472,7.47121e-05,4.63289e-06, -71, 346.13,CVC-CANSAT-END 
,CVC-CANSAT-START,368.333,19.9637,970.823,-0.00945526,-0.0038549,-0.000733722,-0.000369957,8.8096e-05,4.59384e-05, -72, 346.925,CVC-CANSAT-END 
,CVC-CANSAT-START,369.128,19.9586,970.803,-0.00966449,-0.00396095,-0.000801075,-0.000364277,8.77232e-05,9.11313e-05, -72, 347.725,CVC-CANSAT-END 
,CVC-CANSAT-START,369.929,19.9437,970.833,-0.00953121,-0.00363565,-0.000819705,-0.000372318,7.49428e-05,5.80266e-05, -69, 348.525,CVC-CANSAT-END 
,CVC-CANSAT-START,370.729,19.9338,970.766,-0.0102936,-0.00348948,-0.000786744,-0.000368945,9.55867e-05,0.000101196, -70, 349.321,CVC-CANSAT-END 
,CVC-CANSAT-START,371.524,19.9363,970.765,-0.00949109,-0.00349664,-0.000829736,-0.00036717,8.9019e-05,0.000124751, -69, 350.115,CVC-CANSAT-END 
,CVC-CANSAT-START,372.319,19.9338,970.747,-0.00977626,-0.00314984,-0.000766681,-0.000373809,9.99533e-05,7.22447e-05, -73, 350.914,CVC-CANSAT-END 
,CVC-CANSAT-START,373.118,19.9287,970.768,-0.00953981,-0.00340206,-0.000746619,-0.000377608,9.05101e-05,4.34533e-05, -72, 351.713,CVC-CANSAT-END 
,CVC-CANSAT-START,373.917,19.9287,970.713,-0.00925607,-0.00359409,-0.000647738,-0.000369229,2.95902e-05,0.000121822, -66, 352.513,CVC-CANSAT-END 
,CVC-CANSAT-START,374.717,19.9264,970.718,-0.00965875,-0.0023545,-0.000739454,-0.000365644,5.6145e-05,2.17267e-05, -75, 353.309,CVC-CANSAT-END 
,CVC-CANSAT-START,375.512,19.9213,970.655,-0.00750345,-0.000844066,-0.000875593,-0.00037072,6.98306e-05,-2.01646e-05, -78, 354.109,CVC-CANSAT-END 
,CVC-CANSAT-START,376.312,19.9064,970.627,-0.00558316,0.00075665,-0.000604747,-0.00039163,8.74392e-05,2.09457e-05, -71, 354.904,CVC-CANSAT-END 
,CVC-CANSAT-START,377.108,19.9113,970.629,-0.00652038,0.00156632,-0.000518764,-0.00037333,0.000102101,-2.65371e-05, -69, 355.703,CVC-CANSAT-END 
,CVC-CANSAT-START,377.906,19.9164,970.626,-0.00673677,0.00330318,-8.31168e-05,-0.000525008,0.000288056,-4.20156e-05, -70, 356.502,CVC-CANSAT-END 
,CVC-CANSAT-START,378.707,19.909,970.601,-0.00676113,0.0025064,-0.000140439,-0.000372354,6.19494e-05,1.73778e-05, -69, 357.3,CVC-CANSAT-END 
,CVC-CANSAT-START,379.501,19.909,970.605,-0.00686861,0.00341782,-6.44872e-05,-0.000381353,0.000135721,-3.80572e-05, -69, 358.093,CVC-CANSAT-END 
,CVC-CANSAT-START,380.296,19.9039,970.599,-0.00838764,0.00293202,3.43932e-05,-0.000369282,7.54576e-05,-4.41989e-06, -68, 358.887,CVC-CANSAT-END 
,CVC-CANSAT-START,381.091,19.9213,970.616,-0.00742893,0.00278012,0.000114644,-0.000383323,8.42086e-05,2.08391e-05, -72, 359.683,CVC-CANSAT-END 
,CVC-CANSAT-START,381.886,19.9287,970.594,-0.0072455,0.0021768,0.000120376,-0.00037356,6.589e-05,2.30225e-05, -69, 360.47,CVC-CANSAT-END 
,CVC-CANSAT-START,382.674,19.9264,970.575,-0.00740457,0.00200627,0.000197761,-0.000368235,7.23513e-05,-2.06084e-05, -72, 361.266,CVC-CANSAT-END 
,CVC-CANSAT-START,383.469,19.9287,970.499,-0.00697609,0.00154483,0.000233587,-0.00037924,3.62111e-05,-2.85074e-05, -70, 362.061,CVC-CANSAT-END 
,CVC-CANSAT-START,384.264,19.9287,970.502,-0.00743609,0.00197474,0.000217824,-0.00038201,5.24351e-05,-3.19332e-05, -72, 362.856,CVC-CANSAT-END 
,CVC-CANSAT-START,385.06,19.9437,970.512,-0.00795199,0.00187443,0.000313838,-0.000382897,9.6634e-05,-9.17703e-06, -71, 363.651,CVC-CANSAT-END 
,CVC-CANSAT-START,385.855,19.9486,970.506,-0.00906404,-0.00484801,0.000365428,-0.00042525,0.000268797,-0.00012981, -74, 364.447,CVC-CANSAT-END 
,CVC-CANSAT-START,386.65,19.9512,970.468,-0.00916578,-0.00163798,0.000560322,-0.000373525,8.26998e-05,1.09343e-05, -76, 365.246,CVC-CANSAT-END 
,CVC-CANSAT-START,387.449,19.966,970.495,-0.00950829,-0.0020163,0.000603314,-0.000373259,8.63565e-05,-9.88706e-06, -76, 366.041,CVC-CANSAT-END 
,CVC-CANSAT-START,388.245,19.9686,970.494,-0.00941227,-0.00208939,0.000537394,-0.000373205,8.40133e-05,3.39036e-06, -75, 366.836,CVC-CANSAT-END 
,CVC-CANSAT-START,389.04,19.9686,970.491,-0.00948822,-0.00246914,0.000503,-0.000370649,8.28241e-05,3.01759e-06, -75, 367.626,CVC-CANSAT-END 
,CVC-CANSAT-START,389.83,19.9885,970.54,-0.00939937,-0.0027142,0.000538827,-0.000379755,8.42618e-05,-5.64467e-06, -76, 368.42,CVC-CANSAT-END 
,CVC-CANSAT-START,390.625,20.0008,970.581,-0.010146,-0.00427479,0.000548858,-0.000384157,0.000104622,-3.43118e-05, -72, 369.215,CVC-CANSAT-END 
,CVC-CANSAT-START,391.419,20.0207,970.611,-0.0101517,-0.00417447,0.000533094,-0.000361863,5.24351e-05,-3.32645e-05, -75, 370.014,CVC-CANSAT-END 
,CVC-CANSAT-START,392.218,20.0084,970.597,-0.0107421,-0.00564335,0.000568921,-0.000409612,0.000107835,-3.04777e-05, -77, 371.017,CVC-CANSAT-END 
,CVC-CANSAT-START,393.013,20.0232,970.619,-0.0107507,-0.00870578,0.00022069,-0.000368555,8.31081e-05,6.3192e-06, -77, 371.605,CVC-CANSAT-END 
,CVC-CANSAT-START,393.808,20.0258,970.598,-0.0107149,-0.00931052,0.000335334,-0.000368519,8.2682e-05,-2.4052e-05, -79, 372.4,CVC-CANSAT-END 
,CVC-CANSAT-START,394.603,20.0455,970.612,-0.0104125,-0.00798352,0.000151903,-0.000374661,8.30016e-05,4.9879e-06, -79, 373.194,CVC-CANSAT-END 
,CVC-CANSAT-START,395.398,20.0455,970.592,-0.0104799,-0.00814402,0.000209225,-0.000374004,8.38003e-05,3.83412e-06, -78, 373.989,CVC-CANSAT-END 
,CVC-CANSAT-START,396.192,20.048,970.594,-0.0104168,-0.00806377,0.00015047,-0.00037356,8.37116e-05,3.76312e-06, -78, 374.779,CVC-CANSAT-END 
,CVC-CANSAT-START,396.982,20.0555,970.598,-0.0103968,-0.00804801,0.00021639,-0.000373152,8.32146e-05,3.95837e-06, -77, 375.572,CVC-CANSAT-END 
,CVC-CANSAT-START,397.776,20.0728,970.578,-0.0104154,-0.00807953,0.000127541,-0.000371998,8.26998e-05,4.11813e-06, -77, 376.367,CVC-CANSAT-END 
,CVC-CANSAT-START,398.571,20.0879,970.584,-0.010467,-0.00811536,0.00013614,-0.000373347,8.38713e-05,4.18913e-06, -76, 377.162,CVC-CANSAT-END 
,CVC-CANSAT-START,399.365,20.1002,970.588,-0.0104054,-0.00809386,0.000177698,-0.0003723,8.26998e-05,4.02938e-06, -76, 377.957,CVC-CANSAT-END 
,CVC-CANSAT-START,400.16,20.1027,970.582,-0.0103953,-0.00807953,0.000153336,-0.000372886,8.36051e-05,4.27788e-06, -77, 378.751,CVC-CANSAT-END 
,CVC-CANSAT-START,400.955,20.1102,970.6,-0.0104125,-0.0080824,0.000149037,-0.000373969,8.25401e-05,3.97612e-06, -77, 379.543,CVC-CANSAT-END 
,CVC-CANSAT-START,401.745,20.1275,970.584,-0.0103538,-0.00808097,0.000104613,-0.000371608,8.31968e-05,4.22463e-06, -77, 380.34,CVC-CANSAT-END 
,CVC-CANSAT-START,402.543,20.14,970.575,-0.0103996,-0.0080867,0.000154769,-0.000375123,8.36761e-05,3.94062e-06, -76, 381.129,CVC-CANSAT-END 
,CVC-CANSAT-START,403.333,20.1426,970.584,-0.0104183,-0.00809816,0.000186296,-0.000375637,8.41731e-05,3.88737e-06, -77, 381.925,CVC-CANSAT-END 
,CVC-CANSAT-START,404.128,20.1549,970.589,-0.0103896,-0.00810533,0.00020206,-0.000372744,8.31258e-05,4.33114e-06, -76, 382.719,CVC-CANSAT-END 
,CVC-CANSAT-START,404.923,20.1525,970.591,-0.0103695,-0.00811823,0.000154769,-0.000374057,8.32679e-05,4.04713e-06, -76, 383.514,CVC-CANSAT-END 
,CVC-CANSAT-START,405.718,20.1799,970.599,-0.0103896,-0.0080781,0.000143305,-0.000374093,8.30726e-05,3.88737e-06, -77, 384.309,CVC-CANSAT-END 
,CVC-CANSAT-START,406.513,20.1773,970.617,-0.010434,-0.0080953,0.00011751,-0.000372779,8.34986e-05,4.43764e-06, -76, 385.097,CVC-CANSAT-END 
,CVC-CANSAT-START,407.301,20.1896,970.603,-0.0103968,-0.00808527,0.000153336,-0.000374377,8.25401e-05,5.41392e-06, -75, 385.892,CVC-CANSAT-END 
,CVC-CANSAT-START,408.096,20.1947,970.6,-0.0103896,-0.00812969,0.000170533,-0.000372123,8.19898e-05,4.13588e-06, -75, 386.688,CVC-CANSAT-END 
