,START,UPTIME,TEMP,PRESURE,ACCEL_X,ACCEL_Y,ACCEL_Z,GYRO_X,GYRO_Y,GYRO_Z,RSSI,GROUND_UTIME,END
,CVC-CANSAT-START,162.308,19.3,991.486,-0.00856104,-0.00306673,-0.000891357,-0.000373312,8.31968e-05,4.18913e-06, -76, 2.179,CVC-CANSAT-END 
,CVC-CANSAT-START,163.103,19.3025,991.536,-0.00857107,-0.00306243,-0.000851231,-0.00037262,8.23271e-05,4.43764e-06, -77, 2.975,CVC-CANSAT-END 
,CVC-CANSAT-START,163.898,19.2975,991.551,-0.00858683,-0.00309395,-0.000897089,-0.000371288,8.30548e-05,4.50864e-06, -76, 3.775,CVC-CANSAT-END 
,CVC-CANSAT-START,164.699,19.3051,991.531,-0.00854241,-0.00304953,-0.000811106,-0.000370188,8.30193e-05,3.86962e-06, -76, 4.573,CVC-CANSAT-END 
,CVC-CANSAT-START,165.497,19.2951,991.546,-0.00860116,-0.00304236,-0.000895656,-0.000370294,8.30193e-05,4.29563e-06, -76, 5.373,CVC-CANSAT-END 
,CVC-CANSAT-START,166.296,19.2951,991.549,-0.00861263,-0.00310399,-0.000798209,-0.000371058,8.29838e-05,4.65065e-06, -76, 6.172,CVC-CANSAT-END 
,CVC-CANSAT-START,167.097,19.29,991.516,-0.00858253,-0.00305239,-0.000878459,-0.000372691,8.32856e-05,4.10038e-06, -76, 6.968,CVC-CANSAT-END 
,CVC-CANSAT-START,167.892,19.2801,991.536,-0.00863269,-0.00306673,-0.000842633,-0.000372087,8.27353e-05,4.50864e-06, -75, 7.768,CVC-CANSAT-END 
,CVC-CANSAT-START,168.692,19.2852,991.531,-0.008594,-0.00307389,-0.000851231,-0.000371768,8.27176e-05,4.11813e-06, -76, 8.563,CVC-CANSAT-END 
,CVC-CANSAT-START,169.487,19.2777,991.547,-0.00855244,-0.00306099,-0.000773847,-0.000371058,8.28063e-05,3.97612e-06, -76, 9.367,CVC-CANSAT-END 
,CVC-CANSAT-START,170.291,19.2777,991.563,-0.00857537,-0.00308679,-0.000834035,-0.000371981,8.30016e-05,3.92287e-06, -76, 10.167,CVC-CANSAT-END 
,CVC-CANSAT-START,171.091,19.2801,991.541,-0.0085553,-0.00309252,-0.000815405,-0.000372992,8.29306e-05,4.9169e-06, -76, 10.962,CVC-CANSAT-END 
,CVC-CANSAT-START,171.886,19.2752,991.522,-0.00858397,-0.00309825,-0.000829736,-0.000370401,8.31081e-05,4.22463e-06, -75, 11.763,CVC-CANSAT-END 
,CVC-CANSAT-START,172.687,19.2703,991.574,-0.00861979,-0.00306243,-0.000722257,-0.000372584,8.31613e-05,4.57964e-06, -76, 12.563,CVC-CANSAT-END 
,CVC-CANSAT-START,173.487,19.2752,991.543,-0.00860116,-0.00303807,-0.00078961,-0.000371963,8.27885e-05,4.40214e-06, -75, 13.358,CVC-CANSAT-END 
,CVC-CANSAT-START,174.282,19.2652,991.524,-0.00855817,-0.00305669,-0.000844066,-0.000370845,8.31435e-05,4.45539e-06, -75, 14.157,CVC-CANSAT-END 
,CVC-CANSAT-START,175.081,19.2678,991.548,-0.00855674,-0.00309395,-0.000871294,-0.00037301,8.28596e-05,4.17138e-06, -75, 14.952,CVC-CANSAT-END 
,CVC-CANSAT-START,175.875,19.2603,991.556,-0.00857967,-0.00307389,-0.000877026,-0.000372602,8.28773e-05,4.7394e-06, -75, 15.748,CVC-CANSAT-END 
,CVC-CANSAT-START,176.671,19.2478,991.53,-0.00854957,-0.00307246,-0.000802508,-0.000372336,8.33211e-05,4.40214e-06, -74, 16.542,CVC-CANSAT-END 
,CVC-CANSAT-START,177.466,19.2478,991.537,-0.00857107,-0.00306673,-0.000878459,-0.000372336,8.27531e-05,3.86962e-06, -74, 17.342,CVC-CANSAT-END 
,CVC-CANSAT-START,178.266,19.2478,991.573,-0.00859973,-0.00308392,-0.000785311,-0.000372336,8.34631e-05,4.57964e-06, -75, 18.142,CVC-CANSAT-END 
,CVC-CANSAT-START,179.066,19.2404,991.612,-0.00855817,-0.00309682,-0.000829736,-0.000372158,8.29306e-05,3.90512e-06, -75, 18.947,CVC-CANSAT-END 
,CVC-CANSAT-START,179.871,19.233,991.571,-0.00857393,-0.00306386,-0.00082687,-0.000372779,8.32146e-05,4.68614e-06, -74, 19.743,CVC-CANSAT-END 
,CVC-CANSAT-START,180.666,19.2279,991.531,-0.0085897,-0.00306529,-0.000848365,-0.000371146,8.32856e-05,4.65065e-06, -75, 20.537,CVC-CANSAT-END 
,CVC-CANSAT-START,181.46,19.2205,991.592,-0.00859113,-0.00309252,-0.000811106,-0.000373081,8.31258e-05,4.10038e-06, -74, 21.333,CVC-CANSAT-END 
,CVC-CANSAT-START,182.256,19.218,991.563,-0.00858397,-0.00307389,-0.000877026,-0.00037285,8.29306e-05,4.29563e-06, -75, 22.127,CVC-CANSAT-END 
,CVC-CANSAT-START,183.051,19.2156,991.575,-0.00855961,-0.00311975,-0.000882759,-0.000372389,8.25578e-05,4.50864e-06, -74, 22.927,CVC-CANSAT-END 
,CVC-CANSAT-START,183.851,19.218,991.531,-0.00856534,-0.00308392,-0.000866995,-0.000373454,8.31791e-05,4.24238e-06, -74, 23.726,CVC-CANSAT-END 
,CVC-CANSAT-START,184.65,19.2254,991.516,-0.0086069,-0.00309109,-0.000891357,-0.000372052,8.30016e-05,4.06488e-06, -74, 24.521,CVC-CANSAT-END 
,CVC-CANSAT-START,185.445,19.218,991.544,-0.00859686,-0.00306386,-0.000839767,-0.000372389,8.33211e-05,4.54414e-06, -74, 25.317,CVC-CANSAT-END 
,CVC-CANSAT-START,186.24,19.2156,991.558,-0.0085983,-0.00309252,-0.00082257,-0.000372389,8.32501e-05,4.27788e-06, -74, 26.112,CVC-CANSAT-END 
,CVC-CANSAT-START,187.036,19.2156,991.579,-0.0085553,-0.00306386,-0.000842633,-0.000371679,8.34808e-05,4.61514e-06, -74, 26.907,CVC-CANSAT-END 
,CVC-CANSAT-START,187.831,19.2131,991.59,-0.00857823,-0.00304953,-0.000796776,-0.000373117,8.24868e-05,4.06488e-06, -74, 27.702,CVC-CANSAT-END 
,CVC-CANSAT-START,188.625,19.208,991.586,-0.00859686,-0.00310542,-0.000809673,-0.000372123,8.32679e-05,4.33114e-06, -75, 28.497,CVC-CANSAT-END 
,CVC-CANSAT-START,189.42,19.208,991.63,-0.00856677,-0.00307819,-0.000801075,-0.000372495,8.32856e-05,4.43764e-06, -77, 29.29,CVC-CANSAT-END 
,CVC-CANSAT-START,190.213,19.2105,991.624,-0.00856534,-0.00310542,-0.000779579,-0.000371839,8.33211e-05,4.65065e-06, -77, 30.089,CVC-CANSAT-END 
,CVC-CANSAT-START,191.013,19.2031,991.616,-0.00855674,-0.00307102,-0.000856964,-0.000372229,8.32323e-05,4.36664e-06, -77, 30.89,CVC-CANSAT-END 
,CVC-CANSAT-START,191.813,19.2057,991.576,-0.00855961,-0.00305526,-0.000798209,-0.000371537,8.30726e-05,3.88737e-06, -77, 31.69,CVC-CANSAT-END 
,CVC-CANSAT-START,192.614,19.1932,991.619,-0.0085768,-0.00307962,-0.000785311,-0.000371164,8.28773e-05,4.29563e-06, -76, 32.485,CVC-CANSAT-END 
,CVC-CANSAT-START,193.409,19.1957,991.609,-0.00858827,-0.00304953,-0.000881326,-0.000371217,8.31968e-05,4.52639e-06, -77, 33.285,CVC-CANSAT-END 
,CVC-CANSAT-START,194.208,19.1906,991.576,-0.0085682,-0.00308249,-0.000963009,-0.000372975,8.39246e-05,4.40214e-06, -74, 34.081,CVC-CANSAT-END 
,CVC-CANSAT-START,195.004,19.1832,991.557,-0.0086026,-0.00307819,-0.000869861,-0.00037072,8.30016e-05,3.90512e-06, -74, 34.875,CVC-CANSAT-END 
,CVC-CANSAT-START,195.799,19.1783,991.582,-0.00859113,-0.00306529,-0.000862696,-0.000372744,8.34098e-05,4.13588e-06, -73, 35.675,CVC-CANSAT-END 
,CVC-CANSAT-START,196.599,19.1807,991.572,-0.00856677,-0.00305956,-0.000861263,-0.000370596,8.34631e-05,4.9169e-06, -72, 36.471,CVC-CANSAT-END 
,CVC-CANSAT-START,197.394,19.1684,991.583,-0.00854671,-0.00306959,-0.000851231,-0.000372176,8.28596e-05,4.82815e-06, -73, 37.271,CVC-CANSAT-END 
,CVC-CANSAT-START,198.195,19.1732,991.594,-0.00854957,-0.00306099,-0.000717958,-0.000372726,8.26111e-05,4.38439e-06, -73, 38.071,CVC-CANSAT-END 
,CVC-CANSAT-START,198.995,19.1732,991.602,-0.0085768,-0.00308822,-0.000813972,-0.00037104,8.26643e-05,4.63289e-06, -73, 38.865,CVC-CANSAT-END 
,CVC-CANSAT-START,199.788,19.1684,991.593,-0.00859543,-0.00308965,-0.000894223,-0.000372992,8.27353e-05,4.61514e-06, -73, 39.665,CVC-CANSAT-END 
,CVC-CANSAT-START,200.588,19.1709,991.593,-0.0085854,-0.00309539,-0.000877026,-0.000371466,8.26466e-05,4.54414e-06, -73, 40.459,CVC-CANSAT-END 
,CVC-CANSAT-START,201.383,19.1658,991.546,-0.00861549,-0.00309109,-0.000842633,-0.000370756,8.28063e-05,4.36664e-06, -74, 41.259,CVC-CANSAT-END 
,CVC-CANSAT-START,202.183,19.1658,991.548,-0.0085897,-0.00304093,-0.000851231,-0.000371306,8.31258e-05,4.36664e-06, -77, 42.054,CVC-CANSAT-END 
,CVC-CANSAT-START,202.978,19.1633,991.595,-0.00855817,-0.00311832,-0.00075665,-0.000373347,8.29838e-05,4.54414e-06, -76, 42.849,CVC-CANSAT-END 
,CVC-CANSAT-START,203.773,19.1559,991.569,-0.00857393,-0.00306959,-0.00082257,-0.00037214,8.25756e-05,4.20688e-06, -76, 43.648,CVC-CANSAT-END 
,CVC-CANSAT-START,204.573,19.1584,991.563,-0.00858253,-0.00305956,-0.000802508,-0.000371839,8.33566e-05,4.17138e-06, -74, 44.449,CVC-CANSAT-END 
,CVC-CANSAT-START,205.373,19.1584,991.565,-0.008594,-0.00305096,-0.000758083,-0.000372655,8.34276e-05,4.31338e-06, -74, 45.244,CVC-CANSAT-END 
,CVC-CANSAT-START,206.167,19.151,991.577,-0.00858827,-0.00307102,-0.000788177,-0.000371129,8.32323e-05,4.22463e-06, -73, 46.039,CVC-CANSAT-END 
,CVC-CANSAT-START,206.962,19.1459,991.58,-0.00856247,-0.00306673,-0.000825437,-0.000371945,8.32501e-05,4.40214e-06, -73, 46.834,CVC-CANSAT-END 
,CVC-CANSAT-START,207.757,19.1535,991.566,-0.00860116,-0.00307102,-0.000839767,-0.000372797,8.32146e-05,4.68614e-06, -73, 47.634,CVC-CANSAT-END 
,CVC-CANSAT-START,208.558,19.141,991.585,-0.00859543,-0.00307676,-0.000806807,-0.000372726,8.28418e-05,4.06488e-06, -73, 48.433,CVC-CANSAT-END 
,CVC-CANSAT-START,209.357,19.151,991.565,-0.00859973,-0.00309395,-0.000786744,-0.000372318,8.30903e-05,4.06488e-06, -73, 49.228,CVC-CANSAT-END 
,CVC-CANSAT-START,210.152,19.1484,991.595,-0.0086026,-0.00306386,-0.000773847,-0.000372939,8.31258e-05,4.27788e-06, -73, 50.023,CVC-CANSAT-END 
,CVC-CANSAT-START,210.947,19.151,991.591,-0.00856534,-0.00309109,-0.000831169,-0.000371981,8.28773e-05,4.56189e-06, -73, 50.818,CVC-CANSAT-END 
,CVC-CANSAT-START,211.742,19.151,991.575,-0.00858827,-0.00309109,-0.000765248,-0.000372229,8.27708e-05,4.06488e-06, -74, 51.613,CVC-CANSAT-END 
,CVC-CANSAT-START,212.537,19.151,991.567,-0.00856391,-0.00311975,-0.000759516,-0.000371235,8.27353e-05,4.31338e-06, -75, 52.408,CVC-CANSAT-END 
,CVC-CANSAT-START,213.332,19.151,991.564,-0.0085725,-0.00305383,-0.000821137,-0.000373259,8.28951e-05,4.29563e-06, -74, 53.207,CVC-CANSAT-END 
,CVC-CANSAT-START,214.13,19.1658,991.56,-0.00861119,-0.00310685,-0.000785311,-0.000373809,8.33033e-05,4.15363e-06, -74, 54.001,CVC-CANSAT-END 
,CVC-CANSAT-START,214.925,19.1535,991.576,-0.00863986,-0.00304953,-0.000834035,-0.000373028,8.33743e-05,4.11813e-06, -74, 54.801,CVC-CANSAT-END 
,CVC-CANSAT-START,215.725,19.1535,991.585,-0.00854241,-0.00305813,-0.000845499,-0.000372087,8.27176e-05,3.90512e-06, -74, 55.601,CVC-CANSAT-END 
,CVC-CANSAT-START,216.525,19.1584,991.547,-0.00859543,-0.00309825,-0.000915719,-0.000371235,8.31081e-05,3.92287e-06, -74, 56.402,CVC-CANSAT-END 
,CVC-CANSAT-START,217.326,19.1385,991.569,-0.00857107,-0.00306959,-0.000869861,-0.000371821,8.25933e-05,4.41989e-06, -74, 57.203,CVC-CANSAT-END 
,CVC-CANSAT-START,218.125,19.1359,991.573,-0.0085768,-0.00311688,-0.000802508,-0.000372123,8.31258e-05,4.01162e-06, -73, 57.997,CVC-CANSAT-END 
,CVC-CANSAT-START,218.92,19.1385,991.566,-0.00859973,-0.00304666,-0.000796776,-0.000372194,8.30371e-05,3.65661e-06, -73, 58.791,CVC-CANSAT-END 
,CVC-CANSAT-START,219.714,19.1385,991.56,-0.00856534,-0.00305956,-0.000812539,-0.000372797,8.33921e-05,4.34889e-06, -74, 59.585,CVC-CANSAT-END 
,CVC-CANSAT-START,220.509,19.151,991.581,-0.00855244,-0.00305239,-0.000835468,-0.000371945,8.28773e-05,4.02938e-06, -74, 60.38,CVC-CANSAT-END 
,CVC-CANSAT-START,221.304,19.1559,991.592,-0.00862409,-0.00309252,-0.000801075,-0.000372247,8.33033e-05,3.78087e-06, -75, 61.18,CVC-CANSAT-END 
,CVC-CANSAT-START,222.104,19.1535,991.582,-0.00859256,-0.00305096,-0.000821137,-0.000371874,8.36051e-05,4.17138e-06, -75, 61.98,CVC-CANSAT-END 
,CVC-CANSAT-START,222.905,19.1535,991.614,-0.00861119,-0.00306959,-0.000832602,-0.000373507,8.34808e-05,4.68614e-06, -74, 62.781,CVC-CANSAT-END 
,CVC-CANSAT-START,223.705,19.151,991.627,-0.00857537,-0.00311688,-0.000888491,-0.000372833,8.28241e-05,5.34292e-06, -75, 63.58,CVC-CANSAT-END 
,CVC-CANSAT-START,224.503,19.1484,991.601,-0.00854527,-0.00307962,-0.000838334,-0.000373294,8.29128e-05,4.36664e-06, -78, 64.379,CVC-CANSAT-END 
,CVC-CANSAT-START,225.303,19.1484,991.588,-0.00858253,-0.00310112,-0.00092575,-0.000371874,8.31791e-05,4.63289e-06, -76, 65.174,CVC-CANSAT-END 
,CVC-CANSAT-START,226.098,19.1535,991.581,-0.00857393,-0.00307962,-0.000882759,-0.00037246,8.30193e-05,4.36664e-06, -77, 65.969,CVC-CANSAT-END 
,CVC-CANSAT-START,226.893,19.1359,991.607,-0.0085854,-0.00310112,-0.000811106,-0.000372087,8.28418e-05,4.04713e-06, -77, 66.764,CVC-CANSAT-END 
,CVC-CANSAT-START,227.688,19.1359,991.583,-0.00861979,-0.00307819,-0.000796776,-0.000370401,8.30371e-05,4.57964e-06, -77, 67.564,CVC-CANSAT-END 
,CVC-CANSAT-START,228.489,19.1385,991.6,-0.00856677,-0.00306959,-0.000885625,-0.00037191,8.30903e-05,4.29563e-06, -77, 68.358,CVC-CANSAT-END 
